{
    "chart_name": "B_01",
    "chart_python": "./data/cropped/B_01.png",
    "chart_type": "bar",
    "chart_data": {
        "SuUv": 1.5405787715590762,
        "Sports Car": 25.822397573113363,
        "Sadan": 29.347177721726084,
        "Wagon": 27.715335060331306,
        "Minwvan": 24.45164973754175
    },
    "axis_1": {
        "type": "qualitative",
        "quan_type": "None",
        "quan_map": [],
        "loc": "x",
        "loc_pixel": [
            [
                930,
                495
            ],
            [
                163,
                495
            ]
        ],
        "title": {
            "Type": [
                561,
                515,
                578,
                553
            ]
        },
        "label": {
            "SuUv": [
                503,
                395,
                512,
                419
            ],
            "Sports Car": [
                503,
                526,
                515,
                583
            ],
            "Sadan": [
                503,
                243,
                512,
                277
            ],
            "Wagon": [
                503,
                682,
                515,
                719
            ],
            "Minwvan": [
                503,
                828,
                512,
                868
            ]
        }
    },
    "axis_2": {
        "type": "quantitative",
        "quan_type": "Linear",
        "quan_map": [
            -0.0652737064557911,
            32.349768218692475
        ],
        "loc": "y",
        "loc_pixel": [
            [
                178,
                502
            ],
            [
                178,
                45
            ]
        ],
        "title": {
            "Highway Miles Per Gallon": [
                197,
                66,
                400,
                83
            ]
        },
        "label": {
            "25": [
                108,
                157,
                117,
                170
            ],
            "20": [
                185,
                157,
                194,
                170
            ],
            "15": [
                261,
                158,
                270,
                170
            ],
            "10": [
                338,
                158,
                347,
                170
            ],
            "5": [
                414,
                164,
                423,
                170
            ],
            "0": [
                491,
                163,
                500,
                170
            ]
        }
    }
}