{
    "chart_name": "D_00",
    "chart_python": "./data/cropped/D_00.png",
    "chart_type": "dot",
    "chart_data": {
        "Dot number": 39,
        "0": {
            "loc": [
                172.67741935483872,
                647.6129032258065
            ],
            "x_value": 119.73908918406073,
            "y_value": 75027.05259951019
        },
        "1": {
            "loc": [
                333.4166666666667,
                613.7115384615385
            ],
            "x_value": 109.7680995475113,
            "y_value": 51818.24373410823
        },
        "2": {
            "loc": [
                346.60897435897436,
                524.9166666666666
            ],
            "x_value": 83.6519607843137,
            "y_value": 49913.433596915245
        },
        "3": {
            "loc": [
                361.31410256410254,
                651.7820512820513
            ],
            "x_value": 120.96530920060331,
            "y_value": 47790.19042163793
        },
        "4": {
            "loc": [
                435.5,
                644.0
            ],
            "x_value": 118.67647058823528,
            "y_value": 37078.641482019615
        },
        "5": {
            "loc": [
                432.0,
                622.5
            ],
            "x_value": 112.35294117647058,
            "y_value": 37583.999273519796
        },
        "6": {
            "loc": [
                422.5,
                635.0
            ],
            "x_value": 116.02941176470588,
            "y_value": 38955.68470759172
        },
        "7": {
            "loc": [
                436.5,
                630.5
            ],
            "x_value": 114.70588235294116,
            "y_value": 36934.25354159099
        },
        "8": {
            "loc": [
                422.5,
                681.5
            ],
            "x_value": 129.70588235294116,
            "y_value": 38955.68470759172
        },
        "9": {
            "loc": [
                433.3225806451613,
                605.3870967741935
            ],
            "x_value": 107.31973434535104,
            "y_value": 37393.034578114195
        },
        "10": {
            "loc": [
                443.38709677419354,
                558.6774193548387
            ],
            "x_value": 93.58159392789372,
            "y_value": 35939.83982283257
        },
        "11": {
            "loc": [
                448.0,
                618.0
            ],
            "x_value": 111.02941176470588,
            "y_value": 35273.792226661826
        },
        "12": {
            "loc": [
                458.39102564102564,
                563.0833333333334
            ],
            "x_value": 94.87745098039215,
            "y_value": 33773.45343541312
        },
        "13": {
            "loc": [
                463.5,
                656.1688311688312
            ],
            "x_value": 122.25553857906797,
            "y_value": 33035.77915001816
        },
        "14": {
            "loc": [
                473.0,
                610.0
            ],
            "x_value": 108.67647058823528,
            "y_value": 31664.093715946234
        },
        "15": {
            "loc": [
                467.5,
                597.0
            ],
            "x_value": 104.85294117647058,
            "y_value": 32458.22738830367
        },
        "16": {
            "loc": [
                481.0,
                593.0
            ],
            "x_value": 103.67647058823528,
            "y_value": 30508.99019251726
        },
        "17": {
            "loc": [
                465.5,
                138.0
            ],
            "x_value": -30.147058823529427,
            "y_value": 32747.00326916091
        },
        "18": {
            "loc": [
                473.0,
                138.0
            ],
            "x_value": -30.147058823529427,
            "y_value": 31664.093715946234
        },
        "19": {
            "loc": [
                465.5,
                136.0
            ],
            "x_value": -30.735294117647072,
            "y_value": 32747.00326916091
        },
        "20": {
            "loc": [
                467.0,
                137.0
            ],
            "x_value": -30.441176470588246,
            "y_value": 32530.421358517982
        },
        "21": {
            "loc": [
                472.0,
                137.0
            ],
            "x_value": -30.441176470588246,
            "y_value": 31808.48165637486
        },
        "22": {
            "loc": [
                473.0,
                136.0
            ],
            "x_value": -30.735294117647072,
            "y_value": 31664.093715946234
        },
        "23": {
            "loc": [
                509.0,
                601.5
            ],
            "x_value": 106.17647058823528,
            "y_value": 26466.1278605158
        },
        "24": {
            "loc": [
                494.5,
                584.5
            ],
            "x_value": 101.17647058823528,
            "y_value": 28559.752996730836
        },
        "25": {
            "loc": [
                485.0,
                576.0
            ],
            "x_value": 98.67647058823528,
            "y_value": 29931.438430802766
        },
        "26": {
            "loc": [
                507.0,
                580.5
            ],
            "x_value": 100.0,
            "y_value": 26754.903741373055
        },
        "27": {
            "loc": [
                511.5,
                589.0
            ],
            "x_value": 102.5,
            "y_value": 26105.158009444247
        },
        "28": {
            "loc": [
                488.45859872611464,
                677.2738853503184
            ],
            "x_value": 128.462907455976,
            "y_value": 29432.058483970002
        },
        "29": {
            "loc": [
                490.2738853503185,
                554.5414012738853
            ],
            "x_value": 92.36511802173095,
            "y_value": 29169.95298701359
        },
        "30": {
            "loc": [
                492.2738853503185,
                533.4585987261147
            ],
            "x_value": 86.1642937429749,
            "y_value": 28881.177106156334
        },
        "31": {
            "loc": [
                511.5,
                639.2564102564103
            ],
            "x_value": 117.28129713423832,
            "y_value": 26105.158009444247
        },
        "32": {
            "loc": [
                522.5,
                571.5
            ],
            "x_value": 97.35294117647058,
            "y_value": 24516.89066472939
        },
        "33": {
            "loc": [
                540.0472972972973,
                508.0
            ],
            "x_value": 78.67647058823528,
            "y_value": 21983.272547883884
        },
        "34": {
            "loc": [
                556.5,
                550.5
            ],
            "x_value": 91.17647058823528,
            "y_value": 19607.700690156198
        },
        "35": {
            "loc": [
                550.0,
                538.0
            ],
            "x_value": 87.5,
            "y_value": 20546.222302942246
        },
        "36": {
            "loc": [
                563.0,
                542.0
            ],
            "x_value": 88.67647058823528,
            "y_value": 18669.17907737015
        },
        "37": {
            "loc": [
                565.0,
                546.5
            ],
            "x_value": 90.0,
            "y_value": 18380.403196512896
        },
        "38": {
            "loc": [
                569.7820512820513,
                567.3141025641025
            ],
            "x_value": 96.12179487179486,
            "y_value": 17689.932660873455
        }
    },
    "axis_1": {
        "type": "quantitative",
        "quan_type": "Linear",