{
    "chart_name": "L_00",
    "chart_python": "./data/cropped/L_00.png",
    "chart_type": "line",
    "chart_data": {
        "-37": 219.70149253731347,
        "-32": 171.14552238805976,
        "-28": 121.5223880597016,
        "-23": 72.43283582089566,
        "-18": 150.50000000000006,
        "-14": 227.50000000000006,
        "-9": 219.32222222222225,
        "-5": 259.858695652174,
        "0": 299.358695652174,
        "4": 217.63043478260875,
        "10": 312.15693430656944,
        "11": 400.8321167883212,
        "19": 494.48905109489056
    },
    "axis_1": {
        "type": "quantitative",
        "quan_type": "Linear",
        "quan_map": [
            0.09903275882657331,
            -49.78354495880272
        ],
        "loc": "x",
        "loc_pixel": [
            [
                684,
                589
            ],
            [
                110,
                589
            ]
        ],
        "title": {
            "Cyl": [
                653,
                383,
                670,
                407
            ]
        },
        "label": {
            "-37": [
                595,
                130,
                604,
                136
            ],
            "-32": [
                595,
                177,
                604,
                180
            ],
            "-28": [
                595,
                222,
                604,
                228
            ],
            "-23": [
                595,
                268,
                604,
                274
            ],
            "-18": [
                595,
                313,
                604,
                319
            ],
            "-14": [
                595,
                359,
                604,
                365
            ],
            "-9": [
                595,
                405,
                604,
                411
            ],
            "-5": [
                595,
                451,
                604,
                457
            ],
            "0": [
                595,
                497,
                604,
                503
            ],
            "4": [
                595,
                543,
                604,
                548
            ],
            "10": [
                595,
                586,
                604,
                598
            ],
            "11": [
                595,
                632,
                604,
                641
            ],
            "19": [
                595,
                678,
                604,
                689
            ]
        }
    },
    "axis_2": {
        "type": "quantitative",
        "quan_type": "Linear",
        "quan_map": [
            -0.9999999999999999,
            637.5
        ],
        "loc": "y",
        "loc_pixel": [
            [
                134,
                606
            ],
            [
                134,
                138
            ]
        ],
        "title": {
            "Horsepower(HP)": [
                289,
                20,
                420,
                37
            ]
        },
        "label": {
            "500": [
                133,
                105,
                142,
                124
            ],
            "450": [
                183,
                104,
                192,
                124
            ],
            "400": [
                233,
                104,
                242,
                124
            ],
            "350": [
                283,
                104,
                292,
                124
            ],
            "300": [
                333,
                104,
                342,
                124
            ],
            "250": [
                383,
                104,
                392,
                124
            ],
            "200": [
                433,
                104,
                442,
                124
            ],
            "150": [
                483,
                105,
                492,
                124
            ],
            "100": [
                533,
                105,
                542,
                124
            ],
            "50": [
                583,
                111,
                592,
                124
            ]
        }
    }
}